trans_x	trans_y	trans_z	rot_x	rot_y	rot_z	dvars_std	dvars_nstd	dvars_vstd	framewise_displacement	aqi	aor
0.0	-0.0	0.0	-0.0	0.0	-0.0	n/a	n/a	n/a	n/a	0.00939429	0.00922
-0.0056	-0.0767	0.0106	-0.0004188790204786391	-0.00017278759594743863	-0.0002181661564992912	1.11727095	49.60738754	1.04663734	0.13339163864626843	0.00917321	0.00215
0.0047	0.1527	0.0219	-0.0005515240436302081	0.0004380776422505767	-1.3962634015954635e-05	1.50965726	67.02954102	1.2338259	0.298385689191646	0.00866354	0.00043
-0.0005	0.0058	-0.005	-0.0015865042900628454	0.000450294947014537	8.552113334772214e-05	1.26473689	56.154953	1.09434646	0.23633406592801373	0.00601768	6e-05
-0.0005	0.2048	0.0131	-0.00182212373908208	0.0004974188368183839	-0.00015533430342749534	1.32923877	59.01886749	1.12349057	0.24327993877991497	0.00853211	0.00017
-0.007	0.0745	-0.0138	-0.0016807520696705393	0.0002513274122871834	-0.0005305800926062762	1.16042447	51.52342606	1.03922214	0.20183544415607613	0.00666595	0.00014
-0.0133	0.1256	-0.0047	-0.0015882496193148398	0.0001256637061435917	-0.0009197885158010115	0.99347752	44.11090088	0.95661224	0.09686872898470131	0.00772673	0.00015
-0.0197	0.1023	-0.0285	-0.0014224433403753785	2.96705972839036e-05	-0.0011833332328521555	0.97214317	43.16364288	0.94761983	0.07976720524251465	0.00790977	0.00017
-0.0295	0.0565	-0.0186	-0.0013124875974997359	-4.363323129985824e-05	-0.0014957471689591403	1.00482237	44.61461639	0.96608985	0.09028367537831944	0.00857675	0.00022
-0.0342	0.1667	-0.0091	-0.0012252211349000194	-0.00032812189937493397	-0.0018081611050661253	1.10236835	48.94570541	1.00899903	0.15860845333908885	0.0102099	0.00038
-0.0355	-0.0096	-0.0173	-0.0011798425743481666	-0.00021118483949131387	-0.0017383479349863521	1.29016042	57.28377151	1.09943648	0.19740643952576223	0.00954431	0.00037
-0.0354	0.167	0.0046	-0.0012112585008840647	-0.00028099800957108706	-0.0018605209826259553	1.29685056	57.58081436	1.09575414	0.2097701072127637	0.00995445	0.00023
-0.0338	0.0309	-0.0188	-0.0011030480872604163	-0.0001658062789394613	-0.0017278759594743865	1.16368937	51.66839218	1.03226963	0.17890235837034213	0.00850385	0.00022
-0.0346	0.11	0.0054	-0.0008517206749732328	-0.00023561944901923448	-0.0017558012275062952	1.0375458	46.06755447	0.96977402	0.12155329251994326	0.00852603	9e-05
-0.0328	0.1501	-0.0011	-0.000804596785169386	-0.00028274333882308137	-0.0018151424220741027	0.97624439	43.34574127	0.94994081	0.05607944870877507	0.00921661	0.0003
-0.0352	0.0253	0.0053	-0.0006684611035138282	-0.00022165681500327985	-0.0017121679962064373	1.11962306	49.71182632	1.01779093	0.1486098315671512	0.00842291	0.00015
-0.0362	0.1794	0.0224	-0.0008307767239493009	-0.0002740166925631097	-0.0017418385934903407	1.18658054	52.68477249	1.04864079	0.18441730476396032	0.00986785	0.00021
-0.0368	0.0393	0.0098	-0.0006719517620178169	-0.0002007128639793479	-0.0016929693744344998	1.13467669	50.38021469	1.02087776	0.16734990047855433	0.00837427	0.00019
-0.0336	0.0766	0.0348	-0.00028623399732707005	-0.0003089232776029963	-0.0015690509975429022	0.94685638	42.04089737	0.93864807	0.09639232776029961	0.00849855	0.00018
-0.0296	0.0999	0.0612	-9.250245035569947e-05	-0.0003525565089028545	-0.001439896632895322	0.93353122	41.44925308	0.93123916	0.07202595714594046	0.00940442	0.00021
-0.0262	-0.0075	0.0646	-0.00030368728984701333	-0.00041015237421866745	-0.0012671090369478833	1.06025243	47.075737	0.98869189	0.13627841503772828	0.00952786	0.0003
-0.023	0.074	0.0892	-0.0005340707511102648	-0.0004747295565424576	-0.0010384709049366262	1.01051247	44.86725998	0.9615711	0.13547993877991493	0.00971544	0.00037
-0.0208	0.0802	0.0846	-0.0008691739674931761	-0.0004415683007545654	-0.0009704030641088471	0.94015115	41.74318314	0.93174644	0.03481661564992913	0.00950062	0.0003
-0.0239	-0.028	0.0831	-0.0005096361415823442	-0.0005742133239061344	-0.0010332349171806431	1.0639838	47.24141312	0.99684018	0.14055073510670985	0.0104405	0.00051
-0.0164	0.0575	0.1049	-0.00016406094968746698	-0.0005462880558742252	-0.0008482300164692441	1.04313242	46.31560135	0.98461809	0.14272526803190927	0.0106915	0.00075
-0.005	-0.0057	0.0838	-0.00046949356878647465	-0.00022340214425527416	-0.0003630284844148205	0.99044913	43.97643661	0.96109404	0.15137600313861907	0.00927997	0.00042
-0.0021	0.028	0.0867	-0.0005951572749300663	-0.0001239183768915974	-0.0002303834612632515	0.92396855	41.02466583	0.92144645	0.057389624832941855	0.00915951	0.00054
-0.0057	0.1126	0.0941	-0.0011135200627723821	-0.0002495820830351891	-0.00028623399732707005	1.03046787	45.75328827	0.97339798	0.1305938515024863	0.00999469	0.00065
-0.0019	-0.0141	0.0708	-0.0010419615634406148	-0.00028797932657906436	-0.00019547687622336493	1.12554896	49.97493744	1.01244988	0.16383564319896737	0.00967634	0.00042
0.0022	0.0811	0.0855	-0.00102799892942466	-0.00034208453339088857	6.45771823237902e-05	1.04666114	46.47227859	0.97569549	0.13040609496874672	0.00915885	0.00044
0.0085	0.0706	0.0701	-0.0012845623294678264	-0.0003001966313430247	0.000312413936106985	0.95869255	42.56642914	0.94153569	0.059514402793711264	0.00850278	0.00021
0.0053	0.0937	0.0156	-0.0006370451769779302	-0.000445058959258554	2.792526803190927e-05	1.16661382	51.79823685	1.05433579	0.13464340742402503	0.00928944	0.00054
0.0228	0.0824	-0.0565	-0.00042760566673861073	-0.00016929693744344995	0.0004677482395344803	1.20226061	53.38097382	1.10068442	0.14715122517784973	0.00828785	0.00044
0.0192	-0.0498	-0.0449	-0.0005515240436302081	-2.268928027592628e-05	0.0005672320068981572	1.18054235	52.41667175	1.06261148	0.16590049007113983	0.00789589	0.00038
0.019	0.1314	-0.0167	-0.00046425758103049166	-1.2217304763960308e-05	0.0006440264939859076	1.3096205	58.14780426	1.10993022	0.21832664625997164	0.0087412	0.00071
0.0175	-0.03	-0.0364	-0.0004799655442984406	9.773843811168246e-05	0.0006806784082777885	1.27446735	56.58698654	1.0900709	0.1907157810217736	0.0080061	0.0004
0.0126	0.0789	-0.0026	-0.00042935099599060504	0.0001012290966156711	0.0005166174585903216	1.1502744	51.07276154	1.02519963	0.15850830782496456	0.00733477	0.00023
0.006	0.0623	-0.0114	-0.000291469985083053	8.726646259971648e-06	0.0002513274122871834	0.99576193	44.21232986	0.96150931	0.05678367537831948	0.00711423	0.00037
0.0045	0.0504	0.0081	-0.00026878070480712676	8.552113334772214e-05	0.00023387411976724014	0.98841894	43.88629532	0.95381338	0.038746852994181	0.00692248	0.00018
0.0039	0.1444	0.0238	-0.0003769911184307752	0.00017104226669544429	0.000291469985083053	1.05937564	47.03680801	0.9891933	0.12286637061435916	0.00859028	0.00036
0.0035	-0.0218	0.0095	-0.00043458698374658803	0.00020420352248333657	0.00028797932657906436	1.23768651	54.9539032	1.06969388	0.1856123889803847	0.00694412	9e-05
0.0012	0.1383	0.0373	-0.0005009094953223725	0.00021118483949131387	0.00020420352248333657	1.21721601	54.04500198	1.0652492	0.19805398163397447	0.00847721	0.00025
-0.0011	-0.0101	0.0053	-0.0006981317007977319	0.00015533430342749534	0.0001012290966156711	1.21170831	53.800457	1.06173914	0.20050235837034217	0.00651777	0.00011
0.0006	0.0934	0.0151	-0.000731292956585624	0.0002530727415391778	0.00014486232791552936	1.04667044	46.4726944	0.98149071	0.12372664625997164	0.00609595	7e-05
-0.0027	0.1011	-0.0015	-0.0007749261878854823	0.00016929693744344995	1.7453292519943294e-06	0.95624709	42.45785141	0.93893556	0.04112630170295606	0.00654167	0.00011
-0.0057	0.0111	0.0034	-0.0007243116395776468	0.00012042771838760874	-7.330382858376184e-05	1.05545044	46.86252594	0.98438179	0.10662664625997165	0.00640285	6e-05
-0.01	0.1479	0.0215	-0.0006876597252857658	1.5707963267948964e-05	-0.0002303834612632515	1.16633177	51.7857132	1.03417837	0.17412256510455154	0.00826204	0.00021
-0.0095	0.0111	0.0016	-0.000757472895365539	-1.2217304763960308e-05	-0.0002007128639793479	1.15744078	51.39095306	1.02943546	0.1635704517697793	0.00683582	9e-05
-0.0098	0.1242	0.0267	-0.000705113017805709	4.18879020478639e-05	-0.00018500490071139895	1.08930397	48.36564255	0.99777455	0.14460865238198015	0.00766551	0.0001
-0.0108	0.1074	0.0129	-0.0008185594191853405	-1.7453292519943296e-05	-0.00024609142453120044	0.94150132	41.8031311	0.93352583	0.04329370598836202	0.00719863	6e-05
-0.0102	0.019	0.0128	-0.0007644542123735164	-2.96705972839036e-05	-0.0002530727415391778	1.02080882	45.32442474	0.9693267	0.0927651914291881	0.00662386	7e-05
-0.009	0.1712	0.0112	-0.0008464846872172499	-1.5707963267948964e-05	-0.0002251474735072685	1.1792388	52.35879517	1.04105013	0.16119591884457987	0.00806302	0.00014
-0.01	0.0227	-0.0097	-0.000804596785169386	-8.203047484373349e-05	-0.0002495820830351891	1.16938186	51.92113876	1.03578121	0.17703225115757845	0.0060485	6e-05
-0.0093	0.147	0.0192	-0.000778416846389471	6.9813170079773176e-06	-0.0002530727415391778	1.09861124	48.7788887	0.99806282	0.15983411945678072	0.00736207	0.00011
-0.0108	0.0524	-0.0071	-0.0007941248096574199	-7.504915783575618e-05	-0.0003298672286269283	1.03501642	45.95524979	0.97031068	0.13112664625997164	0.00604951	6e-05
-0.0113	0.0752	0.0052	-0.0006736970912698113	-4.71238898038469e-05	-0.00032637657012293966	0.92859113	41.2299118	0.92488135	0.043192182246175326	0.00637126	7e-05
-0.0117	0.1262	-0.007	-0.0007749261878854823	-8.901179185171081e-05	-0.00038397243543875244	0.96904624	43.02613831	0.943567	0.0736356431989674	0.00681478	9e-05
-0.012	0.0337	-0.0043	-0.0007033676885537148	-4.363323129985824e-05	-0.0003316125578789226	1.03173935	45.80974579	0.96978763	0.10396484687217249	0.0063588	6e-05
-0.0103	0.1658	0.0017	-0.0008115781021773631	1.5707963267948964e-05	-0.0003159045946109737	1.12547731	49.97175598	1.01390077	0.14896297857297025	0.00761908	0.00011
-0.0114	0.0355	-0.0114	-0.0010262536001726657	0.00015533430342749534	-0.0003385938748868999	1.11189795	49.36882782	1.00365038	0.16334955592153874	0.00593865	7e-05
-0.0091	0.1533	0.0037	-0.0010925761117484504	0.00027576202181510406	-0.000317649923862968	1.07447875	47.70739746	0.99067231	0.14558470904936624	0.00697577	9e-05
-0.0093	0.0557	-0.0185	-0.0012514010736799342	0.00024085543677521747	-0.000307177948351002	1.02333951	45.43678665	0.96281379	0.13021017612416683	0.00562745	5e-05
-0.0088	0.1399	0.0015	-0.0011833332328521555	0.00023561944901923448	-0.00035604716740684323	0.99091166	43.99697495	0.95285336	0.11080865238198014	0.00678575	0.00011
-0.0109	0.0677	-0.0185	-0.0013212142437597075	0.00019547687622336493	-0.00039793506945470715	0.97853386	43.44739532	0.94547359	0.10529557428756428	0.00600445	7e-05
-0.0099	0.1116	-0.0005	-0.0013404128655316449	0.00026354471705114377	-0.00032812189937493397	0.93277711	41.41577148	0.92801419	0.07075398163397448	0.0062626	5e-05
-0.0098	0.1045	0.0213	-0.001635373509118687	0.00014660765716752367	-0.00039968039870670147	1.04846716	46.55246735	0.99259647	0.0531728101401215	0.00747508	0.00013
0.0116	0.027	0.0047	-0.0013473941825396225	0.0007696902001294993	-0.00010821041362364843	1.24452007	55.25731659	1.09235504	0.17562659273120468	0.0065527	0.00048
0.0138	0.0626	0.0267	-0.0010157816246606998	0.0007208209810736582	9.773843811168246e-05	0.96750808	42.95784378	0.9475708	0.08912153143350474	0.00556231	9e-05
0.0146	0.1207	0.0434	-0.0008709192967451704	0.0008726646259971648	0.00014660765716752367	0.9347769	41.50456238	0.9302403	0.09287875959474387	0.00581849	0.00011
0.0145	0.0089	0.0367	-0.0012095131716320703	0.0009948376736367678	0.00024085543677521747	1.08952832	48.37560272	1.00317017	0.14635073510670984	0.00624478	0.00011
0.0161	0.0539	0.0615	-0.0008936085770210966	0.0010245082709206715	0.0002897246558310587	0.95242429	42.28811646	0.93727794	0.09112222054753592	0.00577766	6e-05
0.014	0.0025	0.0518	-0.0009651670763528643	0.0008970992355250854	0.00020769418098732522	0.9548558	42.3960762	0.93110935	0.07724990047855437	0.00664145	0.00012
0.0099	0.0153	0.0797	-0.0010035643198967395	0.0008325220532012951	0.00017976891295541595	0.95970333	42.61130905	0.93483084	0.05134498469497873	0.00680619	7e-05
0.0078	0.0879	0.088	-0.0010210176124166828	0.0008621926504851988	9.948376736367679e-05	0.98812723	43.87334442	0.95697693	0.08937045176977933	0.00677937	6e-05
0.0048	-0.0701	0.0727	-0.0010419615634406148	0.0008028514559173916	-5.235987755982988e-06	1.22124934	54.22408295	1.07400235	0.18555024503557	0.00883281	8e-05
0.004	0.0825	0.0977	-0.0009983283321407565	0.0008412486994612669	-1.3962634015954635e-05	1.20794165	53.63321686	1.05818192	0.18293785605518523	0.00716853	0.0001
0.0036	-0.0239	0.0646	-0.0009354964790689606	0.0007068583470577034	-8.203047484373349e-05	1.09605443	48.66536713	1.0016877	0.1531645023151569	0.00782543	0.00013
0.002	0.0295	0.0897	-0.0006998770300497262	0.0007243116395776468	-8.028514559173915e-05	0.99960816	44.38310242	0.95627813	0.0928409035395586	0.00767016	9e-05
0.0012	0.0507	0.0858	-0.0006265732014659643	0.0006579891280018621	-0.00016406094968746698	0.95243925	42.28878021	0.93721425	0.03707010721276372	0.0072549	9e-05
0.0035	-0.0634	0.0751	-0.0004188790204786391	0.0005759586531581287	-0.0001361356816555577	1.08101618	47.99765778	0.99989558	0.14298249619314837	0.0090273	0.00017
0.0027	0.0766	0.1142	-0.0004485496177625427	0.0005253441048502931	-4.363323129985824e-05	1.16457582	51.70774841	1.0350366	0.18853937979737193	0.00779194	0.00013
-0.0002	0.0051	0.11	-0.0005166174585903216	0.00039269908169872416	-0.0001605702911834783	0.9796235	43.49577332	0.94685563	0.09448249619314839	0.00844806	9e-05
-0.0038	0.0038	0.1155	-0.0006946410422937432	0.00024085543677521747	-0.000307177948351002	0.90475821	40.1717186	0.91186432	0.03422374428972261	0.00879437	0.00015
-0.0087	0.1051	0.1453	-0.0009354964790689606	0.00032812189937493397	-0.0003682644721708035	1.05059361	46.6468811	0.98311208	0.1554604211597368	0.00972044	0.00015
-0.0078	-0.016	0.1235	-0.0008464846872172499	0.0002670353755551324	-0.00039968039870670147	1.10196531	48.92781448	1.00702356	0.15287571211037054	0.00945801	0.00014
-0.0093	-0.0434	0.1217	-0.0007923794804054256	0.00015009831567151235	-0.00042760566673861073	0.93220454	41.39035034	0.93188388	0.04064837673636768	0.010542	0.0003
-0.0082	0.0645	0.1515	-0.0011536626355682519	0.00019547687622336493	-0.00029496064358704166	1.06407177	47.24531937	0.98952862	0.16576533694331239	0.0102345	0.00023
-0.0054	-0.066	0.1376	-0.0012269664641520136	0.0002373647782712288	-0.00020943951023931956	1.1132561	49.42912674	1.00984366	0.15723564319896735	0.0119164	0.00027
-0.005	0.0039	0.152	-0.0009721483933608416	0.00022165681500327985	-0.0001658062789394613	0.97412169	43.25149155	0.94347776	0.10040796326794896	0.0105626	0.00029
-0.0021	0.0026	0.1399	-0.0006946410422937432	0.00017104226669544429	-9.075712110370512e-05	0.90906644	40.36300659	0.91809708	0.0364585528605345	0.0100473	0.00021
-0.0021	-0.0462	0.1231	-0.0007382742735936014	-7.330382858376184e-05	-0.00013264502315156904	0.94536829	41.97482681	0.93146149	0.08209336143134638	0.010885	0.00025
-0.0021	0.0803	0.1594	-0.0011135200627723821	0.00010471975511965978	-1.7453292519943294e-06	1.13923097	50.58242416	1.02722813	0.19700845333908887	0.0109342	0.00032
-0.0037	0.0049	0.1526	-0.0011536626355682519	4.363323129985824e-05	-7.155849933176751e-05	1.01316869	44.98519897	0.96301216	0.0923521133347722	0.0111271	0.00034
0.0029	-0.0407	0.1456	-0.001022762941668677	0.00024085543677521747	0.00010995574287564276	0.98172319	43.5890007	0.95552624	0.08468180707911721	0.0118012	0.00047
0.0064	0.0617	0.1454	-0.0009581857593448868	0.00032463124087094524	0.00023387411976724014	1.07103837	47.55463791	0.99944795	0.11971356816555576	0.0106448	0.0006
-0.0007	-0.1236	0.1298	-0.0008307767239493009	0.0002705260340591211	0.00012740903539558605	1.31162369	58.23675156	1.11598322	0.2223989663289532	0.013509	0.00077
-0.0	0.0287	0.1471	-0.000640535835481919	0.0003193952531149623	8.028514559173915e-05	1.22277296	54.29173279	1.06186558	0.18461169986635348	0.0106654	0.00034
0.0086	-0.0947	0.1014	6.9813170079773176e-06	0.0003682644721708035	0.00029845130209103034	1.19760072	53.17407227	1.06332693	0.22342762640225144	0.0109542	0.00046
0.0051	0.0028	0.1207	0.00039793506945470715	0.0002705260340591211	0.0002199114857512855	1.11537504	49.52320862	1.00943354	0.14866160034490783	0.00986981	0.00031
-0.0006	-0.1142	0.1356	8.203047484373349e-05	0.00023561944901923448	0.0003054326190990077	1.12042296	49.74734116	1.01763237	0.15941661564992915	0.0122492	0.0008
-0.0108	0.0493	0.1364	5.235987755982989e-05	0.000614355896702004	0.00028623399732707005	1.35503197	60.16409683	1.14670245	0.19588028333693047	0.0107704	0.00063
-0.011	-0.0556	0.0256	0.00033335788713091696	0.0010262536001726657	0.0003595378259108319	1.32516038	58.83778381	1.15625745	0.2542099770812755	0.00773722	0.0002
-0.0198	-0.094	0.0446	-0.00032463124087094524	0.0011082840750163993	0.0002251474735072685	1.00160217	44.47163773	0.97068219	0.10992049776245796	0.00856858	0.00021
-0.0203	0.0412	0.1022	-0.0006300638599699529	0.0009372418083209549	-4.18879020478639e-05	1.19129801	52.89422607	1.07386451	0.2304755130674792	0.00915331	0.0003
-0.023	0.1639	0.121	-0.00028099800957108706	0.0006475171524898963	-0.00017104226669544429	1.23796546	54.96628571	1.10087289	0.18259724354387524	0.0126221	0.00139
-0.0027	-0.0756	0.0318	8.552113334772214e-05	0.0009861110273767962	0.000450294947014537	1.63104594	72.41925812	1.31495356	0.4153225115757845	0.00784057	0.00018
0.0021	0.0952	0.0059	-0.0001186823891356144	0.0010873401239924673	0.0004380776422505767	1.25031197	55.51447678	1.09620292	0.2173824961931484	0.00651509	0.00013
-0.0044	-0.007	-0.0225	-0.0006510078109938849	0.001155407964820246	0.00032637657012293966	1.05498815	46.84200287	0.98755286	0.17270471674068433	0.00554883	0.00015
-0.0063	0.1213	-0.008	-0.001054178868204575	0.0013369222070276565	0.0003961897402027128	1.09488475	48.61343002	1.00496678	0.1774249234748937	0.00596595	0.00012
-0.0088	0.0085	-0.0141	-0.0015498523757709647	0.001420698011123384	0.0003525565089028545	1.08356345	48.11075974	0.99243305	0.1525541271480988	0.00507158	3e-05
-0.01	0.147	0.0192	-0.001801179788058148	0.0014957471689591403	0.00030194196059501896	1.12865746	50.112957	1.02344784	0.19184955592153877	0.00605202	5e-05
-0.0088	0.0089	0.0009	-0.0020594885173533086	0.0014608405839192536	0.00024085543677521747	1.16899109	51.90378952	1.0366515	0.17531509190774247	0.00555587	0.0001
-0.0084	0.1234	0.0269	-0.00200363798128949	0.0015847589608108511	0.0003211405823669566	1.09962344	48.82382965	1.00081735	0.15390270292735775	0.00554746	7e-05
-0.0062	0.0806	-0.0027	-0.0019931660057775245	0.0015777776438028737	0.0003822271061867582	0.96900785	43.02443314	0.94384205	0.07852699081698723	0.00472862	3e-05
-0.0043	0.1098	0.0062	-0.0017976891295541592	0.0016720254234105676	0.00048345620280242926	0.95422232	42.36795044	0.93715655	0.0595476876223365	0.00488073	6e-05
-0.0062	0.1666	0.0021	-0.0018622663118779497	0.0015515977050229591	0.00034208453339088857	0.98503244	43.73593521	0.95178986	0.07911882850614697	0.00581425	9e-05
-0.0062	0.0679	0.0008	-0.0017313666179783749	0.001583013631558857	0.0003316125578789226	1.0494597	46.59653854	0.9780446	0.10863937979737193	0.00481111	5e-05
-0.0055	0.1837	0.0138	-0.001858775653373961	0.0016039575825827887	0.0003577924966588376	1.0961796	48.67092133	1.00048849	0.13822664625997164	0.00642127	9e-05
-0.0048	0.035	0.0011	-0.0018064157758141308	0.0015690509975429022	0.0003089232776029963	1.172243	52.04817581	1.03152082	0.16890678408277787	0.00489718	6e-05
-0.0083	0.148	0.0255	-0.0017662732030182616	0.0016283921921107093	0.00035430183815484887	1.08488977	48.16965103	0.98636595	0.14814311639577643	0.00577933	6e-05
-0.0099	0.0221	0.0004	-0.001748819910498318	0.0015323990832510211	0.00022165681500327985	1.11168194	49.35923767	1.00059691	0.16490457122656	0.00486755	5e-05
-0.0075	0.1276	0.028	-0.001647590813882647	0.0016336281798666925	0.00034906585039886593	1.08138359	48.01397324	0.98748944	0.1519933614313464	0.00544184	2e-05
-0.0053	0.0652	0.0178	-0.0017034413499464657	0.001595230936322817	0.00035430183815484887	0.99625045	44.23402023	0.95293108	0.07977418836818385	0.00469929	8e-05
-0.0072	0.0723	0.0258	-0.001616174887346749	0.0015812683023068625	0.0003316125578789226	0.95323068	42.3239212	0.93839052	0.02319591884457988	0.00502288	6e-05
-0.0052	0.1087	-0.0013	-0.0015690509975429022	0.001499237827463129	0.0002617993877991494	0.96658552	42.91688156	0.9439709	0.07544837673636766	0.00474036	5e-05
-0.0035	0.0573	0.0054	-0.0013631021458075715	0.001541125729510993	0.000291469985083053	0.97057045	43.09381485	0.94598942	0.07367536755335491	0.00466281	4e-05
-0.0053	0.1486	0.009	-0.001265363707695889	0.0015760323145508795	0.000291469985083053	1.04257488	46.29084778	0.97360539	0.10333225115757844	0.00546712	7e-05
-0.0083	0.0249	0.0001	-0.0011641346110802177	0.0014957471689591403	9.250245035569947e-05	1.11645174	49.57101822	1.00536435	0.15462408884673817	0.00477803	1e-05
-0.0085	0.1745	0.0332	-0.0010576695267085637	0.001668534764906579	0.00019024088846738194	1.20086551	53.31903076	1.04447155	0.20174955592153876	0.0066632	7e-05
0.005	-0.0965	0.0441	-0.0016877333866785165	0.0018238690683340744	0.0005009094953223725	1.72384512	76.53958893	1.33038117	0.350203338512622	0.00966597	0.00134
0.0206	-0.0536	0.0488	-0.002490584842595908	0.00238237442897226	0.0012636183784438947	1.31013978	58.17086411	1.16865112	0.16940328498385498	0.00974655	0.00111
0.0395	0.2443	-0.0458	-0.002082177797629235	0.0025202554398798117	0.001069886831472524	1.8506484	82.16971588	1.46151654	0.4484009801422797	0.00695461	0.0001
0.0494	0.313	-0.0264	-0.0016406094968746698	0.0025726153174396417	0.0014800392056911916	1.04674256	46.47589493	0.9953413	0.14320402762665313	0.0104465	0.00082
0.0523	0.1102	-0.0286	-0.0022026055160168437	0.0024678955623199817	0.001514945790731078	1.38342011	61.42454529	1.15281115	0.24298111796508604	0.00532007	0.00015
0.0497	0.2469	-0.0067	-0.002324778563656447	0.002509783464367846	0.001595230936322817	1.13969183	50.6028862	1.02453287	0.1734173047639603	0.00816268	0.00057
0.0333	0.0994	-0.0199	-0.0038938295611993493	0.001980948701013564	0.0012531464029319286	1.37363839	60.99023056	1.14429022	0.2990985147144037	0.00828278	0.00039
0.0451	0.1185	-0.0305	-0.003602359576116296	0.0028780479365386495	0.0016545721308906245	1.12285864	49.85548401	1.02370394	0.1209997474283417	0.0077405	0.00065
0.0459	0.1485	0.0185	-0.0036041049053682902	0.002921681167838507	0.001658062789394613	0.97115123	43.1196022	0.95637385	0.08224346095279203	0.00744903	0.00021
0.0333	0.0637	0.0694	-0.003977605365295077	0.0029949849964222694	0.0014224433403753785	1.16903675	51.90581512	1.05138537	0.18242118687648917	0.0104322	0.00143
0.0191	-0.0741	0.0705	-0.0038501963298994907	0.0022078415037728267	0.0013177235852557187	1.2930125	57.41040421	1.11846424	0.2040636141582344	0.0130529	0.00174
0.0093	-0.0113	0.0683	-0.003522074430524557	0.001954768762233649	0.0013124875974997359	1.10599089	49.10655212	1.02636561	0.1041215314335047	0.0105192	0.00088
0.0249	0.0655	0.0606	-0.001895427567665842	0.0020856684561332234	0.001626646862858715	1.15797114	51.41449738	1.05617487	0.20368529110586345	0.00623083	0.0002
0.0306	0.0379	0.0885	-0.001324704902263696	0.0019111355309337906	0.001616174887346749	0.95376855	42.34780121	0.94842777	0.09898637830567725	0.00695151	0.0001
0.0276	-0.0416	0.104	-0.0016458454846306526	0.0017924531417981763	0.0014957471689591403	1.04204106	46.26714325	0.98358461	0.12601253449450897	0.00910133	0.00011
0.021	0.094	0.1129	-0.001980948701013564	0.0016598081186466073	0.0014014993893514465	1.12885964	50.12193298	1.02590182	0.17919980095710872	0.00720209	0.00012
0.0185	-0.0339	0.0874	-0.0021851522234969008	0.0016423548261266642	0.0013020156219877698	1.14026368	50.62828064	1.02692936	0.17195702911834784	0.00919199	0.00019
0.0163	0.1237	0.109	-0.0021799162357409173	0.001593485607070823	0.001322959573011702	1.20669436	53.57783508	1.05649941	0.18515245789178783	0.00740969	0.00011
0.0187	-0.0314	0.0784	-0.0020699604928652747	0.0016702800941585732	0.001228711793404008	1.21055651	53.74931335	1.05520058	0.2021499004785544	0.00874227	0.00015
0.0173	0.0876	0.0981	-0.001973967384005587	0.0016720254234105676	0.0012671090369478833	1.10487747	49.05711365	1.00325657	0.14690678408277785	0.00677174	6e-05
0.0186	-0.0448	0.0626	-0.0020210912738094335	0.0016441001553786586	0.0011693705988362008	1.15375531	51.227314	1.02763639	0.1778393797973719	0.00865608	0.00017
0.0166	0.0843	0.0917	-0.001864011641129944	0.0016877333866785165	0.001228711793404008	1.13571465	50.42630005	1.01599332	0.17320270292735776	0.00681961	0.00014
0.0182	0.0231	0.0667	-0.001996656664281513	0.0016510814723866359	0.0011676252695842063	0.99112886	44.0066185	0.95134233	0.09931917306316257	0.00676632	8e-05
0.0187	0.0225	0.0765	-0.0019233528356977512	0.0017697638615222502	0.0012636183784438947	0.92750943	41.18188477	0.92654227	0.025298966328953225	0.00720799	7e-05
0.0178	0.1071	0.0846	-0.0019617500792416262	0.0017366026057343581	0.001256637061435917	1.01832438	45.21411514	0.9656009	0.09752699081698725	0.00609225	6e-05
0.018	-0.0151	0.0721	-0.0018483036778619948	0.0017296212887263805	0.0011519173063162574	1.10629511	49.12005997	1.00752039	0.14615737367536344	0.00782943	8e-05
0.0152	0.1153	0.089	-0.0018779742751458986	0.0017016960206944712	0.0011187560505283654	1.12566841	49.98023987	1.0074438	0.15463785605518524	0.00617141	5e-05
0.0169	-0.0049	0.066	-0.0017400932642383465	0.0016790067404185449	0.0010210176124166828	1.10277963	48.96396637	0.99954583	0.15781543646475804	0.00745612	0.00011
0.0163	0.1116	0.0993	-0.001572541656046891	0.001748819910498318	0.0010786134777324957	1.10927701	49.25245285	1.00127196	0.1651480321793521	0.00646573	7e-05
0.016	0.0428	0.0799	-0.0014905111812031574	0.0016947147036864942	0.0010122909661567112	1.00621176	44.67630386	0.95353977	0.0986229096615671	0.0063529	0.00014
0.0168	0.0123	0.0845	-0.0014311699866353504	0.0017662732030182616	0.0010105456369047167	0.95450938	42.38069534	0.93176966	0.04253225115757844	0.00728893	0.0001
0.0155	0.1426	0.0969	-0.0015550883635269475	0.001820378409830086	0.0012130038301360591	1.14063966	50.64497375	1.02847493	0.16302408884673816	0.00615847	9e-05
0.0231	-0.0416	0.0577	-0.0014608405839192536	0.0019408061282176943	0.0012147491593880533	1.3162837	58.44365692	1.1099897	0.2418210413623648	0.0075708	0.00013
0.0204	0.0874	0.0763	-0.0015865042900628454	0.0019408061282176943	0.001158898623324235	1.12009704	49.73286819	1.01626055	0.15937571211037052	0.00538707	3e-05
0.0204	-0.027	0.0522	-0.001609193570338772	0.0019163715186897737	0.001054178868204575	1.08778358	48.29813385	1.0008038	0.14609218224617537	0.00714666	7e-05
0.0185	0.1126	0.0695	-0.001520181778487061	0.0018779742751458986	0.0010157816246606998	1.14650905	50.90557861	1.02548412	0.16709031394697307	0.00538242	8e-05
0.016	-0.0084	0.0474	-0.001500983156715123	0.0018151424220741027	0.0007923794804054256	1.11165512	49.35804367	1.00931818	0.1608716309549504	0.00661612	5e-05
0.0108	0.1118	0.0784	-0.001473057888683214	0.0017034413499464657	0.0006684611035138282	1.09278142	48.52004242	1.00024185	0.16957723585255718	0.0053643	9e-05
0.0097	0.0254	0.0524	-0.0016982053621904826	0.0017086773377024485	0.0005305800926062762	1.02002382	45.28956985	0.96214334	0.1319132236085402	0.00626546	9e-05
0.0108	0.1227	0.0768	-0.0017331119472303693	0.001778490507782222	0.0006911503837897545	1.06618857	47.33930588	0.97986181	0.13606450231515693	0.00568455	6e-05
0.0117	0.0714	0.0518	-0.0019024088846738192	0.001790707812546182	0.0005218534463463045	0.97910178	43.47261047	0.94624093	0.09474055898254298	0.00541753	9e-05
0.0092	0.0642	0.0675	-0.0018483036778619948	0.0017994344588061536	0.0004625122517784973	0.93929237	41.70505142	0.93249182	0.03150865238198019	0.00609446	3e-05
0.0102	0.0788	0.0522	-0.0019041542139258136	0.0018308503853420514	0.00042760566673861073	0.93974161	41.72499847	0.93017961	0.03700865238198016	0.00559199	7e-05
0.0084	0.0419	0.0625	-0.0018360863730980347	0.0018657569703819383	0.000445058959258554	0.96345985	42.77809906	0.9435913	0.055021385919380446	0.00651062	0.00012
0.0098	0.1089	0.0616	-0.0019582594207376374	0.0019146261894377795	0.00048520153205442357	1.00216675	44.4967041	0.96010068	0.07985924197456566	0.00551099	3e-05
0.0101	0.0172	0.0636	-0.0018814649336498872	0.0019285888234537342	0.0004747295565424576	1.03430402	45.9236145	0.97318779	0.09906145483078352	0.00687045	6e-05
0.0091	0.1039	0.0782	-0.0018448130193580064	0.0019303341527057286	0.0004974188368183839	1.02654815	45.57925415	0.96961556	0.10535432619099008	0.00589716	6e-05
0.0126	0.002	0.0705	-0.0015306537539990272	0.002050761871093337	0.0006056292504420323	1.05065739	46.64971542	0.98537532	0.1402398698685118	0.00688541	9e-05
0.0201	0.1207	0.0392	-0.0012322024519079964	0.0020751964806212577	0.0007068583470577034	1.11703551	49.59693909	1.01705626	0.17870575041173112	0.00443786	5e-05
0.0194	-0.0081	0.0243	-0.0013805554383275148	0.0020699604928652747	0.000640535835481919	1.12513995	49.95677567	1.0110945	0.1553955742875643	0.00592554	6e-05
0.0187	0.1415	0.0407	-0.0013683381335635543	0.0020629791758572974	0.0006318091892219474	1.17693925	52.25669479	1.0356795	0.16809626340159547	0.00448632	8e-05
0.0193	0.0264	0.0201	-0.0014433872913993105	0.002118829711921116	0.0005445427266222308	1.08493745	48.17176437	0.99491188	0.14720830782496452	0.00511324	6e-05
0.0198	0.1516	0.0442	-0.001408480706359424	0.002131047016685076	0.0006038839211900379	1.09727347	48.71949005	1.00136882	0.15512325421858272	0.00447541	2e-05
0.0193	0.0158	0.0228	-0.001504473815219112	0.0020350539078253884	0.0004380776422505767	1.13367057	50.33554077	1.01497203	0.17558962483294183	0.00546962	7e-05
0.016	0.1222	0.0555	-0.0014189526818713899	0.0020245819323134223	0.0004572762640225143	1.06926119	47.47573471	0.98450477	0.14815958653158126	0.00454754	8e-05
0.0149	0.0103	0.0241	-0.0014346606451393388	0.0019093902016817967	0.00022340214425527416	1.08095717	47.99504089	0.98702258	0.16263869068334075	0.00557882	7e-05
0.0113	0.1106	0.0526	-0.001324704902263696	0.0019442967867216831	0.00026354471705114377	1.05580568	46.87830353	0.97745598	0.14165024503556997	0.00472194	1e-05
0.0089	0.0384	0.0283	-0.0013945180723434693	0.001801179788058148	4.0142572795869576e-05	1.00102544	44.44602966	0.95832268	0.12071661564992912	0.0051564	7e-05
0.0029	0.0818	0.0516	-0.0012426744274199627	0.0017453292519943296	-8.203047484373349e-05	0.96171129	42.70046234	0.93852046	0.0891933614313464	0.00518137	5e-05
0.0024	0.0827	0.0454	-0.001350884841043611	0.001656317460142619	-7.504915783575618e-05	0.92706347	41.16208267	0.92638556	0.017810176124166802	0.00485921	0.0001
0.0089	0.0508	0.0444	-0.001239183768915974	0.0018291050560900572	0.00019896753472735358	0.95138448	42.24194717	0.94044574	0.06732526803190925	0.00524765	3e-05
0.0126	0.1051	0.0389	-0.001382300767579509	0.0018867009214058703	0.0002670353755551324	0.96844214	42.99931717	0.94576606	0.07693903524035635	0.00454563	5e-05
0.011	0.0339	0.0296	-0.001356120828799594	0.0018483036778619948	0.0002181661564992912	0.969491	43.04588699	0.94355892	0.0877723200689816	0.00519794	0.0001
0.012	0.1256	0.0371	-0.001382300767579509	0.0019268434942017398	0.000312413936106985	1.01801848	45.20053101	0.96209312	0.11014837673636765	0.00470269	6e-05
0.0133	0.0157	0.0179	-0.0013788101090755204	0.001895427567665842	0.0003159045946109737	1.051476	46.68606186	0.97694092	0.13231986217719371	0.00530118	5e-05
0.016	0.1498	0.032	-0.0014556045961632708	0.0019216075064457567	0.0005078908123303499	1.15659082	51.35321045	1.03184745	0.16564803217935206	0.00492692	7e-05
0.023	0.024	-0.0017	-0.0019669860669976093	0.0019373154697137059	0.000757472895365539	1.18044186	52.41221237	1.04793746	0.20533357585687384	0.0054304	9e-05
0.0191	0.0624	-0.0052	-0.0022427480888127134	0.002090904443889207	0.0009564404300928925	0.98603535	43.78046417	0.96350849	0.07721592653589791	0.00580609	0.00029
0.0466	0.1961	0.0015	-0.002050761871093337	0.0029234264970905022	0.0014852751934471744	1.19275451	52.95890045	1.07006746	0.24556715171374768	0.00599813	0.00011
0.051	0.1504	-0.0002	-0.0019460421159736775	0.0030368728984701333	0.0015760323145508795	0.96373159	42.79016495	0.95098438	0.06724616388014977	0.00529021	6e-05
0.0495	0.0395	0.0062	-0.0022898719786165604	0.0029478611066184224	0.0015376350710070042	1.08913684	48.35822296	1.00207388	0.14236194490192344	0.00568634	5e-05
0.0434	0.1098	0.0129	-0.002228785454796759	0.0028152160834668534	0.0012932889757277981	0.99644041	44.24245453	0.95625027	0.1050038821125288	0.0050723	9e-05
0.0399	0.023	0.0186	-0.002197369528260861	0.002712241657599188	0.0011728612573401894	1.03505921	45.95714569	0.97296956	0.1087409035395586	0.00577289	6e-05
0.0371	0.0999	0.0245	-0.002150245638457014	0.0026162485487395003	0.0010943214410004448	1.00558949	44.64867783	0.96032658	0.09668284075016396	0.00479048	5e-05
0.0318	-0.0111	0.0193	-0.0021258110289290935	0.002584832622203602	0.0009686577348568529	1.09029043	48.40943909	1.00573845	0.13057571211037053	0.0066666	7e-05
0.0332	0.1429	0.0352	-0.0020176006153054447	0.0026092672317315226	0.0011205013797803594	1.19838309	53.2088089	1.05215152	0.18552443340375377	0.00478542	0.0001
0.0359	0.0232	0.0032	-0.0018046704465621369	0.0025464353786597265	0.0011414453308042916	1.10151601	48.90786362	1.00306463	0.1692352986419518	0.00539458	5e-05
0.0339	0.1399	0.0137	-0.0017435839227423352	0.0025778513051956248	0.0012060225131280816	1.09800863	48.75213623	0.99290077	0.1370539816339745	0.00468141	6e-05
0.0374	0.0385	-0.0051	-0.0016859880574265225	0.0026668630970473357	0.00119729586686811	1.07334793	47.6571846	0.99070244	0.13146671517137473	0.00510782	5e-05
0.0382	0.148	0.0127	-0.0016004669240788003	0.0026511551337793865	0.001239183768915974	1.08510518	48.17921448	0.99146359	0.13525584993317677	0.00456578	6e-05
0.0456	0.0548	0.0108	-0.0016074482410867775	0.0027314402793711255	0.0014137166941154068	1.01807582	45.20307541	0.96295177	0.11558996938995744	0.00465	6e-05
0.0468	0.1082	0.0287	-0.0015289084247470327	0.0027366762671271086	0.0014974924982111347	0.94795918	42.08986282	0.92818734	0.08087758040957278	0.00469291	5e-05
0.0446	0.0308	0.0199	-0.0017016960206944712	0.0027576202181510408	0.0014119713648634124	0.97318524	43.20991135	0.93826078	0.10236263401595466	0.00524396	3e-05
0.044	0.1199	0.0402	-0.0015847589608108511	0.0027768188399229783	0.0014451326206513049	1.00299764	44.53359604	0.95697081	0.11846484687217251	0.0049234	7e-05
0.0449	-0.0004	0.0202	-0.0017243853009703976	0.002708750999095199	0.0012897983172238095	1.08929241	48.36513138	0.99344321	0.15935142422074103	0.00592011	5e-05
0.0438	0.0767	0.0423	-0.001637118838370681	0.002694788365079245	0.0013194689145077131	0.97753996	43.40326309	0.94825868	0.10684498469497872	0.00478905	6e-05
0.0447	0.0343	0.0258	-0.0017226399717184032	0.002698279023583233	0.0013439035240356337	0.92772365	41.19139481	0.92558943	0.06547232006898153	0.00518012	6e-05
0.0438	0.0703	0.0527	-0.001609193570338772	0.00272096830385916	0.001467821900927231	0.95172685	42.25714874	0.93652857	0.07680270292735777	0.00509453	4e-05
0.0385	0.0757	0.068	-0.002136283004441059	0.0026022859147235454	0.0014014993893514465	0.97057295	43.09392548	0.94356391	0.06160471674068432	0.00609475	0.00014
0.028	-0.0302	0.0805	-0.0029478611066184224	0.002045525883337354	0.0013107422682477415	1.18761969	52.73091125	1.05877602	0.201854762733363	0.0102061	0.00043
0.0398	0.1213	0.092	-0.001963495408493621	0.0024556782575560214	0.0015655603390389136	1.28350294	56.98817444	1.11362731	0.25726680715673206	0.00653118	0.00014
0.0431	0.0438	0.081	-0.0020996310901491783	0.002633701841259443	0.0015306537539990272	0.98228317	43.6138649	0.95766153	0.10925329251994328	0.00647742	5e-05
0.0389	0.0304	0.1015	-0.0021380283336930534	0.0027331856086231197	0.001473057888683214	0.91894341	40.801548	0.92281877	0.04787384381116824	0.00745606	7e-05
0.0375	0.0323	0.0889	-0.0022235494670407763	0.0027104963283471934	0.0013665928043115599	0.92079163	40.88360977	0.92196094	0.026633774899765175	0.00715071	5e-05
0.0374	0.0006	0.0906	-0.00210835773640915	0.002748893571891069	0.0013526301702956054	0.9290989	41.25245667	0.92622736	0.04187758040957279	0.00815165	0.00014
0.0373	0.0888	0.0976	-0.0021537362969610025	0.0028012534494508993	0.0013665928043115599	1.0078702	44.74994278	0.96427289	0.10088505360638188	0.00698024	7e-05
0.0377	-0.0409	0.0885	-0.0020804324683772408	0.0027436575841350863	0.0012583823906879114	1.12526977	49.96253967	1.01961476	0.15115550537616115	0.00940305	0.00021
0.033	0.1165	0.108	-0.00199142067652553	0.002717477645355171	0.0012531464029319286	1.22756898	54.50468063	1.07118169	0.1876213859193805	0.00678188	0.00013
0.0342	-0.0251	0.0648	-0.0018186330805780916	0.002597049926967562	0.0010663961729685354	1.19920886	53.24547577	1.05220709	0.20999827721492204	0.00779128	0.00014
0.0305	0.089	0.0926	-0.0017470745812463236	0.0026389378290154262	0.0011431906600562858	1.10886633	49.23422241	1.00343	0.15511204442336912	0.00653303	9e-05
0.0323	0.0554	0.0766	-0.0017924531417981763	0.002647664475275398	0.0011693705988362008	0.96658379	42.91680527	0.94126407	0.05541425727958699	0.0062567	7e-05
0.0316	-0.0014	0.0781	-0.001706932008450454	0.002637192499763432	0.0011344640137963143	0.97204781	43.15940857	0.94169946	0.06554498469497874	0.00738394	7e-05
0.0314	0.1269	0.0966	-0.0016877333866785165	0.0026319565120074486	0.0012304571226560022	1.13093674	50.2141571	1.01544232	0.15302138591938044	0.00616127	8e-05
0.0295	-0.0313	0.0748	-0.0016057029118347831	0.002494075501099897	0.0009581857593448868	1.22586238	54.42890549	1.06700558	0.20650914245312	0.00788003	9e-05
0.0302	0.0982	0.099	-0.001462585913171248	0.0025202554398798117	0.0010471975511965976	1.13143349	50.23621368	1.01558808	0.16731543646475805	0.0058971	3e-05
0.0334	0.0198	0.0696	-0.0014957471689591403	0.0025394540616517493	0.0010402162341886204	1.00371373	44.56539154	0.95661085	0.11396705972839034	0.00607264	3e-05
0.0362	0.0528	0.0601	-0.0014416419621473165	0.0025342180738957666	0.0012130038301360591	0.93640977	41.57706451	0.92706666	0.056906439525762256	0.00523162	2e-05
0.038	0.0792	0.0559	-0.001335176877775662	0.0025551620249196984	0.0012863076587198209	0.94413471	41.92005539	0.93422083	0.0424356431989674	0.00485814	5e-05
0.0363	-0.0155	0.064	-0.0014800392056911916	0.002522000769131806	0.0011711159280881952	1.04902625	46.5772934	0.98186262	0.1191607657167524	0.00661528	6e-05
0.0318	0.0852	0.0677	-0.0014014993893514465	0.0024452062820440558	0.001048942880448592	1.04616153	46.45009613	0.97525457	0.12277536755335489	0.0049758	6e-05
0.0283	-0.0155	0.0579	-0.0012636183784438947	0.002366666465704311	0.000905825881785057	1.04263473	46.29350281	0.97444461	0.13197689129554155	0.00647891	7e-05
0.0258	0.1058	0.0673	-0.0012095131716320703	0.0023596851486963333	0.0009564404300928925	1.09138823	48.45818329	0.99332517	0.13878505360638188	0.00513083	9e-05
0.0265	-0.0013	0.0499	-0.0012042771838760874	0.0023265238929084412	0.0008377580409572782	1.0647136	47.27381516	0.98332661	0.13305398163397444	0.00617939	6e-05
0.0268	0.1307	0.0771	-0.0011693705988362008	0.002363175807200322	0.0009407324668249436	1.13198113	50.26053238	1.01423144	0.16822664625997164	0.00537074	5e-05
0.0302	0.0178	0.0538	-0.001239183768915974	0.0023212879051524586	0.0008936085770210966	1.0879128	48.30387497	0.99443551	0.14754124809657415	0.00576282	0.00011
0.0299	0.0596	0.0641	-0.0011711159280881952	0.0023998277214922034	0.0009372418083209549	0.94665712	42.03205109	0.93117201	0.06191204442336909	0.00548458	3e-05
0.0305	0.0969	0.0553	-0.0013631021458075715	0.00239459173373622	0.0009424777960769379	0.94590175	41.99851227	0.93338653	0.056822909661567146	0.00470382	4e-05
0.0315	0.0161	0.0559	-0.0012217304763960308	0.00238237442897226	0.000932005820564972	1.00456655	44.60326004	0.96031717	0.09060304748437331	0.00608557	5e-05
0.0327	0.108	0.0635	-0.0012356931104119853	0.0024312436480281013	0.0010419615634406148	1.02796602	45.64220428	0.96955436	0.10933937979737192	0.00476062	5e-05
0.0332	-0.0175	0.0479	-0.001223475805648025	0.00244695161129605	0.000973893722612836	1.11773455	49.62797546	1.00808567	0.1463996554429844	0.00690836	9e-05
0.0317	0.136	0.0642	-0.0012199851471440364	0.002432988977280095	0.0010803588069844899	1.21186078	53.80722427	1.05456691	0.17749591884457988	0.00487733	4e-05
0.0338	-0.0276	0.0344	-0.0012845623294678264	0.002366666465704311	0.0009285151620609833	1.24137318	55.11759186	1.06091602	0.20963716694115403	0.00668103	6e-05
0.0321	0.0704	0.0604	-0.0011746065865921838	0.0024609142453120045	0.0010332349171806431	1.07221162	47.60673141	0.982707	0.1411461638801498	0.00508738	3e-05
0.0338	0.0247	0.0385	-0.0011222467090323538	0.002410299697004169	0.0009913470151327792	0.96481651	42.83833694	0.94038131	0.07654311639577646	0.00527239	7e-05
0.0306	0.0363	0.052	-0.0010140362954087054	0.002453932928304027	0.0009581857593448868	0.93405491	41.47250748	0.93041094	0.037550245035569946	0.00548238	6e-05
0.0305	0.0966	0.0486	-0.0010978120995044332	0.0023753931119642824	0.0009232791743050004	0.97342587	43.22059631	0.94774934	0.07366111027376797	0.0045886	3e-05
0.0305	0.0127	0.0466	-0.0010262536001726657	0.0023404865269243957	0.0008429940287132613	1.00578964	44.65756607	0.95859258	0.09523751149816968	0.00578934	9e-05
0.0294	0.1189	0.0602	-0.0009250245035569946	0.0023282692221604354	0.0008395033702092724	1.05058837	46.64664841	0.97731731	0.126746852994181	0.00456399	4e-05
0.0281	-0.0065	0.0477	-0.0009442231253289323	0.0022462387473167022	0.0007504915783575615	1.09445405	48.59430695	0.9922659	0.14871204442336908	0.00614464	7e-05
0.028	0.128	0.0585	-0.0009040805525330626	0.0022410027595607188	0.0008674286382411819	1.14654684	50.90725708	1.0244269	0.15351578102177368	0.00483495	7e-05
0.0382	0.0291	-0.0474	-0.0006684611035138282	0.0022200588085367874	0.0011327186845443199	1.1967504	53.13631821	1.06769166	0.2410926723173152	0.00489849	3e-05
0.0484	0.0942	-0.0714	-0.0008011061266653974	0.0021467549799530253	0.001621410875102732	1.07124019	47.56359863	1.00223362	0.1340320521146872	0.00455099	2e-05
0.0532	0.0049	-0.061	-0.0005654866776461627	0.002165953601724963	0.0017819811662862105	1.02590907	45.55087662	0.97997002	0.12526941809873254	0.00511575	5e-05
0.0529	0.1213	-0.0414	-0.00048171087355043494	0.0022968532956245376	0.0019757127132575807	1.10172606	48.91718674	1.00183593	0.15672035224833364	0.00502056	5e-05
0.0604	-0.0282	-0.0746	-0.0007452555906015787	0.00244695161129605	0.002155481626212997	1.19150352	52.90335464	1.05158357	0.21987059728390365	0.00640327	0.00011
0.0624	0.0952	-0.0639	-0.0006544984694978735	0.0025883232807075904	0.0022165681500327986	1.07178426	47.58775711	0.99110035	0.15076076571675234	0.00529122	6e-05
0.0647	0.1101	-0.074	-0.000926769832808989	0.002663372438543347	0.002309070600388498	0.91410321	40.5866394	0.92214319	0.04929114857512855	0.00568986	6e-05
0.0635	0.0701	-0.0731	-0.0008168140899333463	0.0026127578902355115	0.002090904443889207	0.91028863	40.41727066	0.91615457	0.06103682238413845	0.00511658	9e-05
0.0629	0.1497	-0.0697	-0.0008203047484373349	0.0026581364507873638	0.0021048670779051613	0.97053593	43.09228134	0.9417442	0.08674159265358977	0.00554401	6e-05
0.0635	0.0638	-0.0832	-0.0008290313946973065	0.002659881780039358	0.0021118483949131386	0.98079139	43.54763031	0.94401856	0.10087266462599716	0.00507063	6e-05
0.0622	0.1336	-0.0649	-0.0006422811647339132	0.002670353755551324	0.0021223203704251047	0.96199584	42.71309662	0.93261688	0.09978470904936627	0.0053243	5e-05
0.0611	0.0726	-0.0779	-0.0007993607974134029	0.0026581364507873638	0.0021153390534171274	0.95878035	42.57032776	0.93612122	0.08391391272257134	0.00503343	5e-05
0.061	0.044	-0.0737	-0.0007208209810736582	0.0025551620249196984	0.0020141099568014562	0.89878237	39.90638733	0.90750399	0.04703716694115406	0.00530988	5e-05
0.0613	0.125	-0.0509	-0.0006911503837897545	0.0025865779514555962	0.002129301687433082	0.98439008	43.70741272	0.94503025	0.11291391272257138	0.00502694	3e-05
0.0613	0.0242	-0.069	-0.0007086036763096977	0.002581341963699613	0.002038544566329377	1.02513862	45.51666641	0.96187383	0.12457232006898156	0.00550246	9e-05
0.0599	0.0714	-0.0551	-0.0005707226654021458	0.002513274122871834	0.002078687139125246	0.93249589	41.40328598	0.92254728	0.07480457122656002	0.0049575	5e-05
0.0601	0.0843	-0.0519	-0.0005846852994181004	0.0025551620249196984	0.0021118483949131386	0.90329939	40.10694504	0.91362826	0.020750589592585567	0.00513989	8e-05
0.0611	0.0324	-0.0546	-0.000598647933434055	0.002553416695667704	0.0020629791758572974	0.92894328	41.24554825	0.92099366	0.05882885911618949	0.00517619	9e-05
0.0649	0.1331	-0.0364	-0.0004904375198104066	0.002712241657599188	0.0022846359908605773	1.05437386	46.81472778	0.98138154	0.1471346095279206	0.00608742	7e-05
0.0635	-0.0139	-0.0556	-0.0004956735075663896	0.002750638901143063	0.0022776546738526	1.17387712	52.12073517	1.03803377	0.17013072741539176	0.00602329	0.00014
0.0625	0.0033	-0.05	-0.00024609142453120044	0.0027157323161031764	0.0022444934180647076	0.92302877	40.98294067	0.92109029	0.0396824961931484	0.0060209	0.00014
0.0618	0.0964	-0.0367	-0.0001186823891356144	0.0027715828521669953	0.0023125612588924867	1.02928603	45.70081329	0.96667427	0.1196663706143592	0.00572354	7e-05
0.0605	-0.0264	-0.0443	2.094395102393195e-05	0.0027628562059070234	0.002176425577236929	1.1206944	49.7593956	1.00957588	0.1459244334037538	0.00667787	0.00013
0.0766	0.1606	-0.0405	0.0005445427266222308	0.0031852258848896514	0.002453932928304027	1.41556096	62.85161591	1.17669547	0.2680737902824013	0.00883448	0.00026
0.0726	-0.0515	0.003	0.0005148721293383271	0.002930407814098479	0.002090904443889207	1.52911115	67.89330292	1.2459508	0.29197585762449485	0.00833076	0.00039
0.0872	-0.0538	-0.0751	0.0002652900463031381	0.0032009338481576006	0.0029129545215785357	1.21470726	53.93361282	1.11552749	0.162107909739182	0.00997633	0.00077
0.0791	-0.0467	-0.1021	-0.00047822021504644627	0.003113667385557884	0.002958333082130389	1.09894359	48.79364395	1.03700826	0.0860077642250577	0.00981849	0.00073
0.0944	0.16	-0.0784	0.0004921828490624009	0.003680899392456041	0.0032794736644973454	1.49576151	66.41255951	1.22634997	0.338638782668698	0.0112283	0.00111
0.0946	-0.0813	-0.0862	0.00019198621771937622	0.003602359576116296	0.003242821750205464	1.51259696	67.1600647	1.22576046	0.27006941809873247	0.0106258	0.0011
0.0951	0.0462	-0.0721	0.00033684854563490564	0.003750712562535814	0.0033143802495372316	1.13152707	50.24036789	1.01907125	0.16033869068334075	0.00924623	0.00039
0.0906	-0.0083	-0.0908	8.028514559173915e-05	0.0037000980142279784	0.003214896482173555	0.98449874	43.71223831	0.95308109	0.09803308578573396	0.00901949	0.00039
0.0909	-0.0127	-0.0807	0.00017976891295541595	0.0037681658550557575	0.003178244567881674	0.91708994	40.71925354	0.92440549	0.025010176124166845	0.00867277	0.0003
0.0911	0.1502	-0.0313	0.00015533430342749534	0.003956661414271145	0.0034348079679248403	1.30619252	57.99560165	1.12032652	0.2359746784393237	0.0112569	0.00132
0.0907	0.0548	-0.0614	0.0005462880558742252	0.0035412730522964946	0.0034452799434368064	1.13891935	50.56858826	1.05101071	0.1667407044966673	0.0116414	0.0014
0.0935	-0.1828	-0.0941	-0.0002181661564992912	0.0033300882128051803	0.0035203291012725624	1.5962708	70.87522125	1.28491205	0.3256344104850293	0.0128645	0.00423
0.0921	-0.1467	-0.1118	-0.0003961897402027128	0.0033824480903650108	0.003480186528476693	0.99334985	44.10523224	0.96365684	0.06872630170295606	0.0118483	0.00261
0.0901	-0.0713	-0.116	-0.00018675022996339323	0.0032829643230013338	0.0033108895910332428	0.97297961	43.20078278	0.94981172	0.10551101075232235	0.00956696	0.0007
0.0906	0.0786	-0.1086	-6.45771823237902e-05	0.003384193419617005	0.0034051373706409367	1.16889489	51.89952087	1.03223448	0.1736824961931484	0.00850868	0.00027
0.0914	0.1325	-0.1069	1.2217304763960308e-05	0.0033772121026090277	0.0033772121026090277	0.9747628	43.27995682	0.94460487	0.061985053606381846	0.00898445	0.00033
0.0899	0.1343	-0.1005	8.726646259971648e-06	0.0033824480903650108	0.0033649947978450674	0.90681297	40.2629509	0.91109374	0.010747197551196583	0.0089674	0.00025
0.0898	0.2006	-0.095	0.0001291543646475804	0.0033824480903650108	0.0033807027611130165	0.95087129	42.21916199	0.93727911	0.07870678408277788	0.0106981	0.00052
0.0906	0.1034	-0.0929	0.00022863813201125715	0.0034400439556808234	0.003371976114853045	0.9985702	44.33701706	0.95862036	0.10839031394697302	0.00919807	0.0003
0.0918	0.08	-0.0882	0.00033335788713091696	0.0033859387488689996	0.0033196162372932147	0.88967472	39.50200272	0.90665616	0.0398592419745657	0.00908321	0.00034
0.0914	0.0372	-0.081	0.0003298672286269283	0.0033300882128051803	0.003303908274025266	0.90272939	40.08163834	0.91111193	0.054152457891787846	0.00902718	0.00038
0.091	0.0148	-0.0737	0.0003595378259108319	0.003371976114853045	0.0033231068957972035	0.89839464	39.8891716	0.90781129	0.03463785605518529	0.00891781	0.00044
0.0901	-0.0608	-0.0751	0.0002600540585471551	0.0032463124087094525	0.00326551103048139	0.97213894	43.16345596	0.94687492	0.09203716694115412	0.00968742	0.00094
0.0922	0.0105	-0.0588	0.00022689280275926284	0.0033231068957972035	0.0034016467121369483	0.98163253	43.5849762	0.94909408	0.10200457122656008	0.0086959	0.00049
0.094	-0.0468	-0.0746	0.00019198621771937622	0.003333578871309169	0.003415609346152903	0.95949376	42.602005	0.93898672	0.07786705972839034	0.00925326	0.00085
0.0926	0.0288	-0.0627	7.330382858376184e-05	0.0032969269570172887	0.0034400439556808234	1.00011003	44.40538788	0.96199875	0.09788844564777076	0.008398	0.00057
0.093	0.075	-0.064	-0.0001256637061435917	0.003274237676741362	0.003480186528476693	0.98455203	43.71460342	0.95683628	0.06098996938995749	0.00830317	0.00044
0.0915	-0.0177	-0.0744	6.9813170079773176e-06	0.00318871654339364	0.0033196162372932147	1.0461247	46.44845963	0.98461565	0.12353682238413848	0.00869405	0.00081
0.0913	0.1471	-0.0539	5.061454830783555e-05	0.0032777283352453507	0.003427826650916863	1.25403082	55.67959595	1.09028663	0.19754277183876084	0.00984943	0.00057
0.0917	-0.0484	-0.0936	3.4906585039886588e-06	0.003239331091701475	0.0033108895910332428	1.35752654	60.27486038	1.13658813	0.2457229096615672	0.00965673	0.00104
0.0901	0.0972	-0.0553	7.67944870877505e-05	0.0032724923474893677	0.003420845333908886	1.19125307	52.8922348	1.04597842	0.1963210413623649	0.00916129	0.00053
0.0891	-0.0253	-0.0926	0.00021467549799530252	0.0032340951039454926	0.003239331091701475	1.13876879	50.56190491	1.02298562	0.17868962483294187	0.00941098	0.00081
0.0877	0.0578	-0.057	0.00035604716740684323	0.0032829643230013338	0.003162536604613725	1.04438806	46.37135315	0.97576111	0.13345176877775655	0.00829703	0.00035
0.0874	-0.0329	-0.0845	0.0004136430327226561	0.0032847096522533284	0.0030560715202420713	1.06257856	47.17901993	0.98400969	0.12679031394697304	0.00904322	0.00073
0.0847	0.0128	-0.0544	0.000460766922526503	0.003307398932529255	0.003120648702565861	1.00684583	44.70446014	0.95776556	0.08521951762017814	0.00826466	0.00036
0.0833	-0.007	-0.079	0.0004468042885105483	0.0033108895910332428	0.003082251459021986	0.97609764	43.33922577	0.94616167	0.048592526803190886	0.00861764	0.00045
0.0838	0.0055	-0.0625	0.0004991641660703782	0.003412118687648914	0.00318871654339364	0.96900463	43.02429199	0.94005666	0.04250270292735775	0.00824016	0.00031
0.0854	0.0418	-0.0748	0.0005445427266222308	0.0033964107243809652	0.00314857397059777	0.97836101	43.43972015	0.94737661	0.055261454830783555	0.00810075	0.00032
0.0848	-0.0002	-0.0611	0.0005218534463463045	0.0033649947978450674	0.0031311206780778272	0.98645067	43.79890442	0.95231742	0.05987792496658835	0.00786191	0.00019
0.0831	0.0577	-0.0635	0.0005201081170943102	0.003321361566545209	0.0030700341542580253	0.98300725	43.64601517	0.954362	0.06732325421858275	0.00745255	0.00015
0.0808	-0.0175	-0.0586	0.0005183627878423159	0.0032882003107573173	0.002960078411382383	1.00865149	44.78463364	0.95935676	0.0896431163957764	0.00758159	0.00021
0.0796	0.0881	-0.056	0.0004485496177625427	0.0032777283352453507	0.002946115777366428	1.04380918	46.34564972	0.97892863	0.11411238898038473	0.00712591	6e-05
0.0768	-0.0255	-0.0659	0.00041189770347066176	0.003218387140677544	0.0027436575841350863	1.06942904	47.48318481	0.98737638	0.14122256510455147	0.00705171	0.0001
0.0729	0.0986	-0.056	0.0003682644721708035	0.0032602750427254074	0.0027244589623631483	1.09064603	48.42523193	0.99919302	0.14313598775598296	0.00658679	6e-05
0.0705	-0.0231	-0.0701	0.00035081117965086024	0.003220132469929538	0.002593559268463574	1.08884633	48.34532166	0.99791677	0.1476247779607693	0.00668359	9e-05
0.0691	0.0811	-0.0581	0.00039095375244672985	0.003242821750205464	0.0025481807079117207	1.04100466	46.22112656	0.97407393	0.12301052068118241	0.00635648	7e-05
0.0685	-0.0089	-0.0671	0.00029321531433504735	0.0031817352263856626	0.002494075501099897	1.015908	45.10682678	0.96171936	0.1102465084371654	0.00662214	5e-05
0.0689	0.1047	-0.056	0.00040317105721069014	0.003239331091701475	0.002515019452123829	1.06555712	47.31126785	0.98648327	0.1345247779607694	0.0065909	4e-05
0.0673	-0.0137	-0.0693	0.0003612831551628262	0.003199188518905606	0.0023387411976724015	1.08650315	48.24128342	0.99614328	0.14621543646475804	0.00660253	7e-05
0.0657	0.1234	-0.0579	0.00034557519189487725	0.0032637657012293962	0.002457423586808016	1.11835229	49.65540314	1.01304766	0.16004837673636768	0.00628692	7e-05
0.0628	-0.0004	-0.0768	0.00038048177693476387	0.0032096604944175725	0.0022427480888127134	1.09474075	48.60704041	0.99770011	0.1607843644923506	0.00628668	8e-05
0.0612	0.1063	-0.0671	0.00034557519189487725	0.0032218777991815323	0.002336995868420407	1.04699957	46.48730469	0.97404474	0.125068583470577	0.00593632	5e-05
0.0594	-0.009	-0.0866	0.0003787364476827695	0.0031468286413457764	0.002176425577236929	1.07353914	47.66567612	0.98275333	0.1500390352403563	0.00656575	0.0001
0.0598	0.1046	-0.0709	0.0003665191429188092	0.003225368457685521	0.002305579941884509	1.07812166	47.86914062	0.98717132	0.14069557428756424	0.00601518	4e-05
0.0596	0.0022	-0.0868	0.00041189770347066176	0.003145083312093782	0.00210835773640915	1.0494554	46.59634781	0.97241229	0.1346442955809475	0.00628597	3e-05
0.0576	0.0832	-0.0721	0.0004310963252425994	0.003186971214141646	0.0020664698343612863	1.00031388	44.41443634	0.95200677	0.10284872129338327	0.00578523	3e-05
0.0558	0.0177	-0.09	0.0003874630939427412	0.003162536604613725	0.0018867009214058703	0.95342237	42.33243179	0.93347201	0.09759183768915976	0.00573182	5e-05
0.0544	0.1083	-0.0801	0.000486946861306418	0.003157300616857742	0.0017715091907742446	1.00730562	44.72487259	0.9592863	0.11289557428756426	0.00607395	9e-05
0.0527	0.0062	-0.094	0.00048345620280242926	0.003085742117525975	0.0016283921921107093	1.04785049	46.52508545	0.97709848	0.12860830782496455	0.0059849	8e-05
0.0522	0.1039	-0.0808	0.0005550147021341969	0.003078760800517997	0.0016249015336067207	1.02768612	45.62977982	0.96649896	0.1155015237421867	0.0060243	5e-05
0.0479	0.0089	-0.0977	0.0005567600313861911	0.0029705503868943488	0.0013788101090755204	1.03785002	46.08106232	0.97412365	0.1340023583703421	0.00605786	9e-05
0.0471	0.099	-0.0785	0.0006230825429619757	0.0030159289474462015	0.001410226035611418	1.00699425	44.71104813	0.95833137	0.11725584993317673	0.00548518	7e-05
0.05	0.0255	-0.0958	0.0007120943348136865	0.002981022362406315	0.0013491395117916165	0.96844268	42.99934006	0.94224621	0.10295024503556995	0.00595963	7e-05
0.0503	0.1041	-0.0734	0.0005951572749300663	0.0030717794835100195	0.001520181778487061	1.00927842	44.81246567	0.95891629	0.12023682238413846	0.00567907	3e-05
0.0493	0.0062	-0.0997	0.000593411945678072	0.0029845130209103033	0.0013369222070276565	1.05448484	46.81965637	0.97677431	0.1388135681655557	0.00610936	7e-05
0.0463	0.0726	-0.083	0.000661479786505851	0.003005456971934235	0.0013700834628155487	0.98508459	43.73825073	0.93999969	0.09220865238198013	0.00561643	5e-05
0.0447	0.0302	-0.0995	0.0006579891280018621	0.0029443704481144336	0.0011990411961201044	0.94779408	42.08253098	0.92908381	0.07228097245096173	0.00581747	8e-05
0.0426	0.0535	-0.0879	0.0007853981633974483	0.0029862583501622975	0.00119729586686811	0.94586086	41.99669647	0.92821118	0.045552113334772215	0.00575221	6e-05
0.0433	0.0924	-0.0885	0.0007557275661135446	0.0030229102644541784	0.001254891732183923	0.94711018	42.05216599	0.9303582	0.046395918844579866	0.00583625	0.0001
0.043	0.0175	-0.0828	0.0008133234314293575	0.002998475654926258	0.00119729586686811	0.99629557	44.23602295	0.95601745	0.08788131700797731	0.00598162	7e-05
0.0449	0.1246	-0.0715	0.0007679448708775049	0.003014183618194207	0.0012426744274199627	1.06926167	47.47575378	0.99084686	0.12562325421858273	0.0061388	5e-05
0.0458	-0.0008	-0.0781	0.0008412486994612669	0.003014183618194207	0.0011257373675363424	1.10970414	49.27141953	1.0056774	0.14241204442336913	0.00626695	7e-05
0.0481	0.1107	-0.0713	0.000890117918517108	0.0030997047515419294	0.0012130038301360591	1.07277191	47.63161087	0.99263437	0.131682840750164	0.00608122	5e-05
0.0481	-0.022	-0.0772	0.0010175269539126942	0.003068288825006031	0.0011030480872604163	1.12828946	50.09661865	1.02065443	0.1520390352403563	0.00660861	8e-05
0.0479	0.0922	-0.0777	0.0009861110273767962	0.0030979594222899347	0.0011466813185602744	1.08576548	48.20853043	0.99234153	0.12013598775598298	0.00615412	5e-05
0.0478	-0.0147	-0.0795	0.0009896016858807848	0.0030997047515419294	0.0011309733552923255	1.05495608	46.84057617	0.98160095	0.1098471975511966	0.00634676	0.0001
0.0467	0.0991	-0.075	0.001022762941668677	0.003110176727053895	0.0011187560505283654	1.08795881	48.30591583	1.00222992	0.12219252680319088	0.00664246	5e-05
0.0444	-0.0532	-0.0806	0.0011117747335203881	0.0030508355324860886	0.0009564404300928925	1.19819617	53.20051193	1.05276752	0.17573343034274952	0.00696665	7e-05
0.0453	0.0837	-0.0815	0.0011466813185602744	0.0029862583501622975	0.0008499753457212384	1.13380897	50.34168625	1.0230033	0.14899744258676656	0.00641418	5e-05
0.046	0.0195	-0.0902	0.0006789330790257941	0.002848377339254746	0.0010210176124166828	0.99516046	44.18562317	0.95937743	0.1124335758568738	0.00598204	5e-05
0.0483	0.0352	-0.1143	-6.632251157578452e-05	0.002834414705238791	0.0009424777960769379	1.02616465	45.56222534	0.99339972	0.08398790204786391	0.00609756	0.0003
0.0632	0.0903	-0.1124	-0.0003944444109507184	0.003906046865963309	0.0012130038301360591	1.10375416	49.00723648	1.02525393	0.15541400470792863	0.00691426	0.00065
0.0711	0.1867	-0.1295	0.00030194196059501896	0.003876376268679406	0.001583013631558857	1.19385183	53.00762177	1.058007	0.1762033385126219	0.0098201	0.0004
0.0686	0.0298	-0.1372	0.0007801621756414653	0.0037803831598197174	0.0017331119472303693	1.26584303	56.20406723	1.09759091	0.2033155819788824	0.00853133	0.00021
0.0663	0.074	-0.1103	0.0003787364476827695	0.0037472219040318253	0.0016493361431346415	0.9874016	43.84112549	0.95227247	0.09931813939211577	0.00708884	6e-05
0.0649	-0.0007	-0.1318	-9.599310885968811e-05	0.00376118453804778	0.001572541656046891	1.01157057	44.91423798	0.96014602	0.12587433388230815	0.00742418	6e-05
0.0634	0.1108	-0.1053	-0.0002495820830351891	0.0038275070496235643	0.001446877949903299	1.07229376	47.61038208	0.98851854	0.15677875959474388	0.0067904	6e-05
0.0632	0.0173	-0.1158	-0.0002740166925631097	0.003900810878207326	0.0012636183784438947	1.01926565	45.25590515	0.96527666	0.11824990047855433	0.00667882	4e-05
0.0624	0.1371	-0.1044	-0.00020420352248333657	0.003953170755767157	0.0011379546723003027	1.07212317	47.60280609	0.99213016	0.14439183768915984	0.00668627	0.00011
0.0615	0.0267	-0.121	-0.00020943951023931956	0.0040229839258469294	0.00119729586686811	1.07430303	47.69959259	0.99533658	0.13461951762017815	0.00688142	6e-05
0.0661	0.1677	-0.1183	7.853981633974481e-05	0.004101523742186674	0.0012775810124598492	1.16289246	51.63300705	1.03641317	0.1706402144255274	0.0078367	7e-05
0.065	0.0603	-0.1278	0.0001832595714594046	0.004084070449666731	0.0011466813185602744	1.05757129	46.95669556	0.98337711	0.13065363707695887	0.00691563	8e-05
0.0737	0.2157	-0.0975	0.00029496064358704166	0.004295255289158045	0.0015481070465189703	1.30698037	58.03058243	1.11768918	0.23061558197888235	0.0113623	0.0005
0.0714	-0.0024	-0.1367	-0.0001239183768915974	0.0039671333897831115	0.0012164944886400475	1.47141457	65.33154297	1.19600188	0.31353067388662476	0.0077433	0.00013
0.0611	-0.0765	-0.1486	-0.0004188790204786391	0.004021238596594935	0.0009302604913129776	1.03745294	46.06343079	0.98858705	0.12806499238629676	0.00954258	0.0002
0.0572	0.1064	-0.1441	-0.0006056292504420323	0.004117231705454623	0.0008621926504851988	1.27960479	56.81509399	1.0958845	0.20884055898254308	0.00754023	7e-05
0.0536	0.0873	-0.1598	-0.0007155849933176752	0.004085815778918725	0.0005393067388662478	0.96159208	42.69517136	0.93563545	0.06161287905152459	0.00832385	0.00015
0.0511	0.1918	-0.1507	-0.0008552113334772215	0.00408756110817072	0.0004310963252425994	1.06209219	47.15742493	0.9803096	0.12857910415175947	0.0095318	9e-05
0.0505	0.1598	-0.1609	-0.0009704030641088471	0.004113741046950634	0.00024260076602721178	0.91407627	40.5854454	0.91542736	0.05929336143134637	0.0089218	9e-05
0.0487	0.2421	-0.1525	-0.0009372418083209549	0.0041835542170304075	0.0002181661564992912	0.98403567	43.69167709	0.94680651	0.09887045176977928	0.0109106	0.00019
0.062	0.197	-0.1916	-0.0011205013797803594	0.0036302848441482054	-8.726646259971648e-06	1.00024652	44.41144943	0.97862524	0.14567108735504347	0.0111911	0.00027
0.0667	0.2723	-0.197	-0.001403244718603441	0.0035849062835963527	6.806784082777885e-05	1.07871139	47.89532852	1.03936953	0.10564581932313422	0.0140677	0.00069
0.066	0.1203	-0.1919	-0.0015341444125030156	0.0038048177693476384	-1.3962634015954635e-05	1.20731068	53.60520172	1.07966989	0.17944208272472964	0.0101319	0.0002
0.0603	0.1718	-0.1818	-0.0013212142437597075	0.003837979025135531	-0.00039269908169872416	0.95541561	42.42093277	0.94061502	0.09854139361069848	0.0103644	0.00013
0.0574	0.0592	-0.1955	-0.0012845623294678264	0.0038449603421435077	-0.0006632251157578452	1.06807494	47.42306519	0.9925507	0.14490796326794897	0.00993979	0.00017
0.0586	0.1794	-0.2005	-0.0012583823906879114	0.003968878719035105	-0.0006597344572538566	1.07323539	47.65218735	0.99238274	0.13407944870877503	0.0110567	0.0002
0.0611	0.1319	-0.2061	-0.0013700834628155487	0.0040561451816348215	-0.0006178465552059926	0.93723881	41.61387253	0.93060405	0.06764277183876087	0.0107607	0.00019
0.0615	0.205	-0.2097	-0.0014887658519511632	0.004113741046950634	-0.0006440264939859076	0.99006575	43.95941544	0.95612289	0.0872229096615671	0.0122906	0.0004
0.0638	0.1703	-0.2139	-0.0014782938764391971	0.004136430327226561	-0.0006649704450098395	0.94315493	41.87655258	0.93090818	0.04390526034059123	0.0115727	0.00028
0.0631	0.221	-0.2291	-0.0014433872913993105	0.004145156973486532	-0.0007871434926494425	0.95135176	42.24049377	0.93582693	0.07489031394697303	0.0131555	0.00038
0.0616	0.2351	-0.2244	-0.001439896632895322	0.004162610266006475	-0.000778416846389471	0.91355193	40.56216431	0.91487466	0.02178352986419516	0.0131829	0.00039
0.0605	0.2131	-0.2271	-0.0016231562043547262	0.0041887902047863905	-0.0009128071987930344	0.92013967	40.85466385	0.91716605	0.042991493132144155	0.0127956	0.00041
0.0607	0.2612	-0.2248	-0.0016702800941585732	0.004220206131322289	-0.0008395033702092724	0.9410786	41.78436279	0.92717827	0.05819218224617534	0.0139643	0.00062
0.0603	0.1855	-0.2373	-0.0018552849948699724	0.004248131399354198	-0.0009634217471008699	0.98968154	43.94235611	0.94797172	0.10544242728174529	0.01305	0.00065
0.0613	0.2501	-0.2266	-0.001947787445225672	0.004237659423842232	-0.0008639379797371932	0.97461909	43.27357483	0.94328586	0.08642290966156713	0.0140502	0.00074
0.0611	0.1729	-0.2434	-0.0020176006153054447	0.004225442119078272	-0.0009930923443847736	0.99904394	44.3580513	0.95268061	0.10475924197456564	0.0133797	0.00074
0.0616	0.2123	-0.2369	-0.0020769418098732523	0.00428129265514209	-0.0009232791743050004	0.94889963	42.1316185	0.931124	0.05565024503556994	0.0138109	0.00071
0.0624	0.2026	-0.2527	-0.0021258110289290935	0.004394739056521722	-0.0009250245035569946	0.92132276	40.90719223	0.91930078	0.03450304748437335	0.0145568	0.00102
0.0622	0.2202	-0.2461	-0.0023230332344044524	0.004349360495969869	-0.0009023352232810684	0.92020071	40.85737228	0.91753447	0.03766450231515686	0.0145391	0.00125
0.0626	0.2155	-0.2596	-0.002384119758224254	0.004337143191205909	-0.0010559241974565693	0.90864575	40.34432602	0.91409794	0.029944640137963153	0.0151312	0.00141
0.0619	0.249	-0.2487	-0.0023073252711365037	0.00437379510549779	-0.0009948376736367678	0.93382072	41.46210861	0.92463425	0.05382664625997165	0.0154571	0.00136
0.0615	0.2242	-0.2721	-0.0022235494670407763	0.004399975044277705	-0.001181587903600161	0.93114758	41.34341812	0.92413164	0.06343529864195177	0.0158628	0.00143
0.064	0.2752	-0.2662	-0.0021170843826691216	0.004469788214357478	-0.0010088003076527223	0.96569997	42.87756348	0.94070575	0.0768532925199433	0.017208	0.00168
0.0702	0.2271	-0.2922	-0.002106612407157156	0.004576253298729132	-0.000890117918517108	0.95632797	42.46144104	0.93836351	0.09208097245096176	0.0169264	0.00179
0.0729	0.2943	-0.2806	-0.002239257430308725	0.004673991736840814	-0.000726056968829641	0.98015004	43.51915359	0.95328562	0.10122222054753588	0.0185453	0.00258
0.0741	0.1643	-0.3018	-0.0023404865269243957	0.0047193702973926666	-0.000804596785169386	1.10471308	49.04981232	1.01295903	0.1636573736753634	0.0165493	0.00201
0.0757	0.2815	-0.3062	-0.002438224965036078	0.004797910113732411	-0.0006911503837897545	1.07249558	47.6193428	0.99869852	0.13768623279155293	0.0194504	0.00339
0.0737	0.1754	-0.3128	-0.0024801128670839424	0.004661774432076854	-0.0008272860654453122	1.05608261	46.89059448	0.99008288	0.13040796326794893	0.0170694	0.00252
0.0751	0.2774	-0.3184	-0.002535963403147761	0.004782202150464463	-0.0008447393579652555	1.0451262	46.40412903	0.9814636	0.11868657734856852	0.0200174	0.00368
0.0763	0.2297	-0.316	-0.002513274122871834	0.004858996637552213	-0.0008482300164692441	0.96254832	42.73762894	0.94262239	0.05644872129338329	0.0184401	0.00295
0.0811	0.2885	-0.323	-0.0024609142453120045	0.005019566928735692	-0.0007609635538695277	0.97448254	43.26751328	0.94652649	0.08560983156715125	0.0203063	0.00379
0.0847	0.2587	-0.3119	-0.0024294983187761066	0.0051731559029111925	-0.0005654866776461627	0.94966167	42.16545486	0.93546753	0.06352408884673814	0.0187734	0.00316
0.086	0.3001	-0.3222	-0.0025062928058638572	0.005263913024014897	-0.0005881759579220891	0.93871963	41.67962265	0.93542766	0.06251204442336904	0.0206273	0.00433
0.0842	0.2522	-0.3097	-0.002441715623540067	0.0052010811709431014	-0.0006859143960337716	0.94397503	41.91296387	0.93243071	0.07345737367536342	0.0186566	0.00304
0.0866	0.286	-0.3214	-0.0024137903555081575	0.005255186377754926	-0.0007278022980816354	0.9245804	41.05183411	0.92196562	0.05409591884457991	0.0202397	0.00443
0.0862	0.2643	-0.3119	-0.0022706733568446224	0.005227261109723017	-0.0006963863715457374	0.92451304	41.04884338	0.92076323	0.04172290966156711	0.0193092	0.00354
0.0867	0.2626	-0.3196	-0.0021589722847169856	0.005159193268895238	-0.0007888888219014368	0.92923671	41.25857544	0.92151421	0.023513568165555717	0.0197709	0.00358
0.086	0.2367	-0.3054	-0.00204378055408536	0.005108578720587403	-0.0008098327729253688	0.93931931	41.70624924	0.93002908	0.050137511498169626	0.0185398	0.00277
0.0875	0.2766	-0.3114	-0.0020001473227855013	0.0051731559029111925	-0.0007958701389094143	0.93992579	41.73317719	0.93082054	0.05350865238198015	0.0200688	0.00337
0.0879	0.2235	-0.3055	-0.002038544566329377	0.005171410573659199	-0.0007976154681614085	0.94736153	42.06332779	0.9319424	0.061494395102393205	0.0185974	0.00303
0.0933	0.2954	-0.307	-0.002090904443889207	0.005387831400906495	-0.0007330382858376184	0.9667418	42.9238205	0.94423948	0.09546789435654576	0.020751	0.00409
0.0946	0.2131	-0.2986	-0.0020525072003453313	0.005333726194094671	-0.0007714355293814937	0.99563026	44.20648193	0.96117615	0.09854498469497873	0.0180095	0.00289
0.0967	0.3052	-0.3004	-0.002097885760897184	0.005359906132874586	-0.0007068583470577034	1.00892782	44.7969017	0.96660891	0.1028067840827779	0.0204958	0.00372
0.0959	0.2063	-0.2999	-0.0019687313962496035	0.005419247327442393	-0.0007120943348136865	1.03010833	45.73732758	0.97831502	0.10988657734856856	0.017639	0.0024
0.0984	0.3154	-0.3018	-0.0020245819323134223	0.005407030022678433	-0.0007086036763096977	1.05154109	46.6889534	0.98967757	0.1170779249665884	0.0208009	0.00411
0.098	0.1992	-0.3065	-0.001996656664281513	0.0054384459492143305	-0.0007295476273336296	1.05678153	46.92162704	0.99070801	0.12531425727958695	0.0179192	0.00264
0.0982	0.2996	-0.3038	-0.0019931660057775245	0.005424483315198376	-0.0007696902001294993	1.01997364	45.28733826	0.97415259	0.1061797932657906	0.0205367	0.00395
0.097	0.187	-0.31	-0.0018308503853420514	0.005419247327442393	-0.0008726646259971648	1.04635632	46.45874405	0.9859226	0.13352630170295607	0.0181933	0.00264
0.0963	0.3008	-0.309	-0.0019093902016817967	0.0054157566689384045	-0.000905825881785057	1.04362893	46.3376503	0.98412151	0.1212595865315813	0.0207943	0.00384
0.0956	0.2027	-0.314	-0.001790707812546182	0.0054384459492143305	-0.0009040805525330626	1.01190996	44.92930984	0.97043915	0.11095584993317678	0.0184523	0.00261
0.0982	0.3096	-0.3126	-0.001895427567665842	0.00544193660771832	-0.000757472895365539	1.04008448	46.18027115	0.98434739	0.12364090353955864	0.0211099	0.00401
0.1022	0.1858	-0.3148	-0.001980948701013564	0.005342452840354642	-0.0009180431865490173	1.10517466	49.07030869	1.01649439	0.14727875959474396	0.0183207	0.00305
0.1192	0.2745	-0.2578	-0.0014189526818713899	0.004769984845700502	-0.0010786134777324957	1.27401006	56.56668472	1.12941094	0.2274517152489897	0.0205947	0.00583
0.1039	0.126	-0.2335	-0.002333505209916419	0.004925319149127998	-0.0007557275661135446	1.47078586	65.30362701	1.23809565	0.25773863715457374	0.0140537	0.00166
0.0987	0.2013	-0.2233	-0.002155481626212997	0.004867723283812185	-0.0011327186845443199	1.16926038	51.9157486	1.05539461	0.12133052837250057	0.0145522	0.0014
0.1122	0.314	-0.1843	-0.0019826940302655584	0.005427973973702364	-0.0006544984694978735	1.23330629	54.75941849	1.09947225	0.22576292504420323	0.0165996	0.00252
0.1168	0.0625	-0.1991	-0.002136283004441059	0.005777039824101231	-0.0003630284844148205	1.56868994	69.65061951	1.27559215	0.31060624048287094	0.0129592	0.00178
0.1282	0.1579	-0.2044	-0.002169444260228951	0.006021385919380436	0.0003525565089028545	1.10905635	49.24265671	1.02152582	0.1617546172192386	0.0133356	0.00135
0.1243	0.251	-0.1832	-0.0013055062804917586	0.005728170605045389	-5.4105206811824215e-05	1.12019658	49.73728943	1.03982539	0.19639075048934593	0.0144606	0.00106
0.1122	0.0597	-0.1971	-0.001270599695451872	0.005482079180514189	-0.0006824237375297829	1.30284441	57.84694672	1.11568057	0.2627658270144523	0.012238	0.00089
0.1076	0.1745	-0.1899	-0.0011693705988362008	0.005366887449882563	-0.001001818990644745	1.03511977	45.95983887	0.98274006	0.1533908040181129	0.0126745	0.0008
0.1042	0.0682	-0.2021	-0.0013177235852557187	0.005321508889330711	-0.0011484266478122688	1.04373801	46.34249115	0.98633583	0.13891696020694472	0.0126235	0.00118
0.1018	0.2038	-0.1974	-0.0015306537539990272	0.005229006438975011	-0.001270599695451872	1.1101228	49.29000854	1.01364349	0.16408028333693056	0.0136379	0.00096
0.1016	0.1211	-0.2	-0.001637118838370681	0.005276130328778859	-0.0013491395117916165	1.00076711	44.43455887	0.95937456	0.09710643952576233	0.0129139	0.00111
0.1024	0.2426	-0.1899	-0.0015219271077390555	0.005263913024014897	-0.0013543754995475996	1.0840807	48.13372421	0.99976512	0.13903225115757853	0.0146213	0.00123
0.1021	0.1312	-0.2032	-0.0014922565104551516	0.00528485697503883	-0.0014172073526193955	1.0465486	46.46728516	0.98472885	0.1306723200689816	0.0131462	0.00116
0.1013	0.2699	-0.1968	-0.001356120828799594	0.0052447144022429604	-0.001387536755335492	1.12613094	50.0007782	1.02205731	0.1561974425867665	0.0155639	0.00146
0.1022	0.1458	-0.2116	-0.0012112585008840647	0.005340707511102648	-0.0013526301702956054	1.08678699	48.25388718	1.00039388	0.15358810109075516	0.0135646	0.00096
0.1012	0.2478	-0.1961	-0.000879645943005142	0.0053162729015747276	-0.0012531464029319286	1.04134452	46.23622131	0.98322737	0.141276546738526	0.0152252	0.00119
0.0965	0.2442	-0.1867	-0.0004363323129985824	0.00566010276421761	-0.0012147491593880533	0.99163079	44.02890396	0.96526189	0.05897703680966587	0.0175544	0.0036
0.0912	-0.0207	-0.211	-0.0007906341511534313	0.005331980864842677	-0.0014381513036433276	1.62303293	72.06347656	1.29219681	0.33979129408925285	0.0142077	0.00232
0.0944	-0.0578	-0.2365	-0.0011030480872604163	0.0053162729015747276	-0.001452113937659282	0.96697336	42.9341011	0.95216344	0.0829042266695444	0.0161331	0.00443
0.0981	0.1118	-0.245	-0.0011728612573401894	0.005496041814530144	-0.001499237827463129	1.21509039	53.95062256	1.06752565	0.19663529864195184	0.0152225	0.00163
0.0982	0.1462	-0.2648	-0.0013037609512397642	0.005614724203665758	-0.001583013631558857	0.91768378	40.74562073	0.9218957	0.07096789435654578	0.0166298	0.00206
0.0998	0.2647	-0.2542	-0.001429424657383356	0.005649630788705644	-0.001583013631558857	1.05669689	46.91786957	0.98676176	0.13872851455917387	0.0189112	0.00296
0.0984	0.2689	-0.2639	-0.0016859880574265225	0.005625196179177724	-0.0017174039839624202	0.88159913	39.14344406	0.9104977	0.03606941809873254	0.0191857	0.00354
0.0999	0.3446	-0.2703	-0.001579522973054868	0.005679301385989549	-0.0017366026057343581	0.95397335	42.35689545	0.9450634	0.09258844564777088	0.02236	0.00527
0.0975	0.286	-0.2817	-0.001583013631558857	0.005646140130201657	-0.0018517943363659836	0.92389148	41.02124405	0.92600992	0.07999218224617538	0.0206658	0.00418
0.0968	0.3251	-0.2883	-0.0016388641676226754	0.005630432166933707	-0.0019757127132575807	0.90422004	40.14782333	0.91758927	0.05617384381116831	0.0228285	0.00586
0.0953	0.2048	-0.2874	-0.0017121679962064373	0.005609488215909776	-0.0020472712125893483	1.05680788	46.92280197	0.99068641	0.130990313946973	0.0196165	0.0036
0.0941	0.2545	-0.2818	-0.0016423548261266642	0.005553637679845957	-0.0020769418098732523	0.91654277	40.69495773	0.91915437	0.06426671517137482	0.0204237	0.00396
0.0896	0.1269	-0.2927	-0.0017819811662862105	0.0054593899002382635	-0.002267182698340634	1.08184946	48.03466034	1.00047277	0.16420575041173105	0.0191016	0.00416
0.0866	0.217	-0.2875	-0.0017296212887263805	0.00533721685259866	-0.00249931148885588	0.98665798	43.80810928	0.95534816	0.118633085785734	0.0199057	0.00382
0.0827	0.1553	-0.2857	-0.0017034413499464657	0.005270894341022875	-0.002541199390903744	0.95568788	42.43302155	0.94238795	0.07411951762017814	0.0189623	0.00379
0.0833	0.2477	-0.2912	-0.0017819811662862105	0.0051399946471233	-0.0026441738167714093	1.01146936	44.90974808	0.9692862	0.11412069680534924	0.0205526	0.00443
0.0811	0.192	-0.2931	-0.0015899949485668342	0.005181882549171164	-0.0026773350725593018	0.95415998	42.36518097	0.94571971	0.0731517687777566	0.0196672	0.00384
0.0826	0.3145	-0.3	-0.001579522973054868	0.005208062487951079	-0.002623229865747477	1.07979846	47.94359207	1.00985507	0.13543785605518524	0.0228597	0.0065
0.0802	0.2231	-0.3105	-0.0017208946424664088	0.005138249317871306	-0.0025918139392115793	0.99924052	44.36677933	0.96448851	0.11643003830136064	0.0207224	0.00428
0.0842	0.3488	-0.3167	-0.001837831702350029	0.0052831116457868355	-0.002331759880664424	1.11755717	49.62009811	1.03238184	0.1619926723173153	0.0248486	0.00824
0.0802	0.24	-0.3332	-0.0015812683023068625	0.005232497097479001	-0.0023003439541285265	1.07640612	47.79296875	1.00870152	0.146229693744345	0.0222917	0.00517
0.0754	0.3364	-0.3378	-0.001335176877775662	0.0048939032225921	-0.002583087292951608	1.07513857	47.73669052	1.01148873	0.14917143191205912	0.0264533	0.01077
0.0734	0.1063	-0.3332	-0.0019495327744776662	0.004827580711016315	-0.0024731315500759648	1.4746989	65.47737122	1.23022085	0.2762317075576716	0.0206053	0.00549
0.0729	0.2187	-0.3697	-0.002134537675189065	0.005105088062083414	-0.0021938788697568722	1.196877	53.14193726	1.07825248	0.18648824660487948	0.0238484	0.00695
0.0819	0.361	-0.3861	-0.0013177235852557187	0.005372123437638546	-0.0017558012275062952	1.28737068	57.15990448	1.13529364	0.2437963553869528	0.0293933	0.01262
0.0859	0.2079	-0.4001	-0.0015603243512829306	0.005541420375081997	-0.001635373509118687	1.14956987	51.04148102	1.04360778	0.19771627109291356	0.0249121	0.00641
0.0923	0.2991	-0.4093	-0.0018308503853420514	0.005747369226817327	-0.001500983156715123	1.01080489	44.88024139	0.97747443	0.13734326190990068	0.0281831	0.01105
0.0908	0.2544	-0.415	-0.0014346606451393388	0.005115560037595381	-0.001165879940332212	1.01238418	44.95036316	0.98474131	0.12005510729037842	0.0272175	0.00862
0.0842	0.259	-0.3898	-0.001726130630222392	0.004584979944989103	-0.0007557275661135446	1.11887133	49.67844772	1.05387885	0.09801012259539994	0.025175	0.00732
